Price,Close,High,Low,Open,Volume
Ticker,HDFCBANK.NS,HDFCBANK.NS,HDFCBANK.NS,HDFCBANK.NS,HDFCBANK.NS
2022-01-03,711.0422973632812,712.6097466433577,692.7240511526534,694.8295953810808,9069184
2022-01-04,715.2066650390625,717.242013200678,705.4977658695926,711.2061078358669,8857352
2022-01-05,732.1913452148438,735.5368326901471,714.9960662063432,719.0668195884875,14332638
2022-01-06,720.4470825195312,727.4655635961949,715.9084876032401,721.967753419475,9628930
2022-01-07,725.5003662109375,733.0803024514203,718.6456386996041,722.4356068198455,11179384
2022-01-10,729.5242919921875,735.536779049019,723.137463117213,728.9861970473102,8856496
2022-01-11,732.6826171875,733.992699333782,724.2136617774655,730.6472691784858,8389198
2022-01-12,728.3544921875,737.7124657944661,726.1787519005727,733.6651307861456,21085530
2022-01-13,714.9492797851562,727.5825458546584,711.3932607592723,727.5825458546584,41963896
2022-01-14,722.9737548828125,724.6347611521733,710.7381913179858,715.885077496062,11208968
2022-01-17,711.9078979492188,728.0504036864833,710.8083473875251,715.8850370439071,22989372
2022-01-18,715.5340576171875,725.6640754798688,712.609690862172,717.2886776701968,12341152
2022-01-19,710.4807739257812,720.4470393034343,708.0945019261654,717.7566217187649,14317626
2022-01-20,706.05908203125,715.183105954119,701.8947725098128,715.1596881743691,15197846
2022-01-21,711.9546508789062,715.7914544908904,695.1102976698634,701.8480503767886,11537694
2022-01-24,695.6016235351562,711.790907358927,686.6647696631117,706.5036291281489,11868508
2022-01-25,696.2567138671875,699.5085871279545,675.6457523831212,682.5004800615633,13594248
2022-01-27,690.127197265625,694.8296022690124,671.4346661656787,678.4531469966787,28617838
2022-01-28,684.6527709960938,695.6249726359689,683.1321002250448,691.3203274537698,24925208
2022-01-31,695.1571044921875,697.8943576936214,686.3138643897004,689.0978389232178,12842546
2022-02-01,700.4443359375,709.8023096975201,689.4252989884608,705.8251708495114,14739484
2022-02-02,716.446533203125,718.2245712750496,704.4683367927917,707.439482390718,13969290
2022-02-03,709.0302734375,720.5405698688631,706.0591281584843,715.3001273507508,10564762
2022-02-04,713.07763671875,717.2185288944974,708.4454280490403,715.1364024737923,11579958
2022-02-07,686.945556640625,710.7381964956596,683.1321704303245,707.5096837189468,12268042
2022-02-08,683.997802734375,691.7649108616467,675.9031883160477,690.8057526569561,13981130
2022-02-09,700.7251586914062,701.7077346460622,686.4074683215063,689.6827595813908,11308342
2022-02-10,713.59228515625,718.4584429859755,702.6200836537802,708.398621088093,14314530
2022-02-11,710.66796875,713.5455573389709,701.614139822811,701.965063867404,10711104
2022-02-14,689.5423583984375,701.5907510950923,687.4836496114692,697.1691307967247,14656620
2022-02-15,710.1766967773438,713.4987662506672,689.238229154205,690.6185075252026,13135066
2022-02-16,709.2174682617188,718.1075437339092,705.1233545574205,717.9203728269758,10032264
2022-02-17,704.889404296875,712.1418342780244,702.7838601087993,707.9775243494109,7351208
2022-02-18,707.6266479492188,709.8023885133234,697.3796541208723,701.0527049227635,7796128
2022-02-21,712.1885986328125,716.2125160226459,699.7659224389105,703.7196436005554,7468066
2022-02-22,706.8545532226562,712.1886099012698,696.209857647376,697.0755159478297,9536196
2022-02-23,702.2691650390625,713.8730184429812,699.8126968823015,713.5922906483737,9029562
2022-02-24,664.135498046875,690.127239373635,658.4037383518357,678.4064099406461,23630766
2022-02-25,681.3073120117188,685.8927422957805,670.4286668157401,673.7507362909885,18318654
2022-02-28,667.3405151367188,673.0956919438478,661.6321738924195,667.2235404627246,24880832
2022-03-02,643.009765625,654.3095302517596,633.7219881833586,648.7415244963162,38505560
2022-03-03,641.4891357421875,651.3150087185448,637.699167588901,646.1681228737863,17527922
2022-03-04,639.3836059570312,648.5076310694807,625.5338151583654,636.3422642528815,21219364
2022-03-07,619.8722534179688,623.4048545200336,606.8880638056838,616.9244686053191,27054458
2022-03-08,621.2759399414062,624.1768891432812,604.5251430083352,609.2976870802052,39212492
2022-03-09,641.5592651367188,643.2202711254723,617.0881421411699,622.3052236727108,23134694
2022-03-10,651.6425170898438,667.6914658500247,645.8172009386801,667.6914658500247,22273206
2022-03-11,653.5609741210938,659.2458980426811,642.284568944958,649.4434424176493,15150780
2022-03-14,674.96728515625,678.4531075865442,662.0766532654897,662.0766532654897,25018126
2022-03-15,666.287841796875,678.2192603121982,660.5560819218667,675.4118677203575,18867928
2022-03-16,677.5875244140625,680.7926191358266,671.996100591785,677.0494294773479,13364108
2022-03-17,692.5136108398438,697.0756239359783,688.068572438482,688.7470028215434,14823954
2022-03-21,695.5314331054688,698.8769203085982,689.1212436187219,695.765382460701,12257876
2022-03-22,699.1109008789062,700.912299571318,681.8220084853747,693.0984136042903,10461814
2022-03-23,692.1392211914062,710.6446394736307,689.4955818487248,705.123411414872,31188256
2022-03-24,675.0140991210938,687.6473645478017,671.22413091639,685.93952279829,20160044
2022-03-25,669.5162353515625,679.3888861163086,663.9482296136653,678.9209874344103,16366462
2022-03-28,670.4052734375,672.8383238063171,655.8067998749772,669.5162544931684,15754886
2022-03-29,679.29541015625,683.2491316427125,669.0951948290217,674.2420809430911,12377448
2022-03-30,691.0630493164062,693.7768849654531,680.3482134276455,688.746973305781,20109742
2022-03-31,687.974853515625,694.6891885485168,685.8927271127579,688.2789990989702,14295714
2022-04-01,704.6554565429688,706.5270513810643,687.9514954595828,690.8056661643701,14568556
2022-04-04,775.2146606445312,805.7684143080922,731.1152040942818,739.2800143171792,97450970
2022-04-05,752.4981689453125,779.8468281909389,749.5738017412657,779.8468281909389,30922582
2022-04-06,725.6406860351562,743.8653746340015,724.0030405883982,742.8827416727144,27027860
2022-04-07,709.6853637695312,721.1956605372436,708.2582498667109,721.1722998718208,40781732
2022-04-08,708.702880859375,713.8965457644185,700.5848486523307,707.5097161535391,41256322
2022-04-11,700.0466918945312,706.5270778408221,698.6897741627865,704.6554829326345,20799066
2022-04-12,698.806640625,705.0530762404234,692.5602050095766,694.3616034064279,27435402
2022-04-13,685.4482421875,702.9243059694253,684.3721093462098,697.1691285715119,28892520
2022-04-18,652.92919921875,669.8671659396864,650.4025920049239,663.8780399059723,45620376
2022-04-19,628.0137329101562,650.1687863035042,620.9016941508291,646.1214503478619,74096022
2022-04-20,633.6753540039062,636.2955758040182,624.8086376654303,633.7454931291495,49325736
2022-04-21,643.0565795898438,645.6066618250044,633.2073460307391,638.6817380819679,52446270
2022-04-22,634.2835083007812,643.524508237747,631.2655843325418,636.3422741404268,20659148
2022-04-25,639.03271484375,641.3254301314081,618.6791193133066,631.663309565486,20935488
2022-04-26,641.98046875,646.6126204361926,635.0087663212903,641.9570509671229,17016842
2022-04-27,642.21435546875,645.2322791052595,634.5173879201604,636.3422041937295,18054334
2022-04-28,641.65283203125,645.2322682931671,637.3247693178985,641.9569775911713,20773722
2022-04-29,647.8526000976562,657.2807713665148,641.7465556586802,645.8640304031856,28401476
2022-05-02,656.7893676757812,658.0760890720459,637.3014329492237,637.3014329492237,19494316
2022-05-04,634.4706420898438,656.7426089581849,631.6632498682072,655.0581850485112,29055916
2022-05-05,633.0435180664062,643.360707162427,630.0255943230603,643.360707162427,17862912
2022-05-06,616.5033569335938,624.6448062814701,614.3510341929365,622.3053126249852,26731268
2022-05-09,617.55615234375,620.6676904474025,606.162829230765,608.2683736009221,32762434
2022-05-10,627.4755859375,633.0669526579659,615.3102195153957,615.3102195153957,20113812
2022-05-11,631.0082397460938,634.0028031547836,621.6736825757839,633.0670056593522,17102924
2022-05-12,616.784423828125,628.0262253837076,612.0273436365588,625.328158341983,22382290
2022-05-13,611.2462768554688,623.8607721581939,609.1872638600877,620.0977504004504,16768238
2022-05-16,617.7546997070312,621.0207502699137,608.382622442987,614.867343445593,9804356
2022-05-17,621.9674072265625,623.3874241380387,614.4886283805336,621.3047211117464,16641444
2022-05-18,621.9201049804688,631.1028928608465,620.0740713797754,626.7245072423251,15732384
2022-05-19,609.2109985351562,613.6367067414336,605.0692821799639,608.8086141504247,20537506
2022-05-20,625.2571411132812,626.7954928932373,611.7196570057959,616.7607290100877,13919350
2022-05-23,617.2340698242188,629.5171940370686,614.9146971161438,621.9674599302327,19486320
2022-05-24,624.310546875,627.1742713773219,613.873454989525,615.3407945588818,12870796
2022-05-25,628.9728393554688,632.3571667282956,626.3220949288518,629.5408230008094,12887112
2022-05-26,646.912353515625,648.9477342187919,634.2742260052379,635.2919163568214,26992428
2022-05-27,658.9114990234375,660.1658009984677,648.8293564205711,649.3263854232065,24031718
2022-05-30,663.4082641601562,672.3780146327596,661.9408671117387,667.5262901343535,12624674
2022-05-31,657.4441528320312,664.9466218858126,653.2077920753914,660.7338934097787,13485388
2022-06-01,660.2368774414062,662.887564224445,652.8054784242131,653.2078050088518,12091896
2022-06-02,655.621826171875,656.9945208046117,652.5451227243029,656.6395165606611,11475020
2022-06-03,653.349853515625,663.0296130823147,651.4564974904033,661.8699556291225,6957244
2022-06-06,652.4740600585938,656.521131240136,644.0486613195667,651.4564275288357,6173266
2022-06-07,644.9717407226562,650.5098419561832,640.9483590300321,644.6877488651877,10253966
2022-06-08,647.2437744140625,653.6811733997421,642.3210371494931,650.0364861317101,5986588
2022-06-09,652.119140625,654.178211573515,642.3920584937911,644.8060759244232,7311816
2022-06-10,639.5282592773438,647.5040092218784,635.9782170663667,643.7883099305161,9155430
2022-06-13,627.9315185546875,629.5408827433928,619.2694493477306,626.511501525943,10892572
2022-06-14,621.0208129882812,627.6475594683392,617.7074397482523,620.6658087125638,11870356
2022-06-15,618.8670043945312,622.8194309622124,614.5833214454613,616.1216730760376,11810470
2022-06-16,606.4892578125,625.0678127660508,604.9272160672077,620.0740634178733,12169192
2022-06-17,610.489013671875,614.867399697434,601.8978987250547,603.5072629824699,14723922
2022-06-20,625.8251342773438,627.174138793338,612.5716430424657,617.5653345357969,15936840
2022-06-21,632.6412353515625,640.9009774209887,626.7244981154012,632.8068924380476,13220684
2022-06-22,629.6591186523438,632.8304664064475,626.3220560463876,630.6057965228979,8159698
2022-06-23,631.9785766601562,638.0609712468488,624.097470763331,629.7775387566263,15372244
2022-06-24,640.806396484375,644.5220962821917,633.5879763381755,633.5879763381755,8013432
2022-06-27,641.966064453125,651.3145103686636,639.9543735599078,648.4744761664746,9804164
2022-06-28,637.0669555664062,639.48097284931,633.5169131560658,636.1675999329924,9770574
2022-06-29,636.1438598632812,639.362587841217,630.1324782999224,630.1324782999224,9994046
2022-06-30,638.0609741210938,640.9010081305348,632.3809061022116,632.3809061022116,12475822
2022-07-01,640.7826538085938,643.7410224780701,629.5645429261943,636.1439086225995,11472452
2022-07-04,641.6820068359375,643.8356645501927,635.3392528781949,640.7589611464242,8487480
2022-07-05,640.2383422851562,652.9001609789714,638.203019182199,645.6344186304245,14325718
2022-07-06,649.0661010742188,650.0837914761512,637.6349527152158,638.0609693695875,15049078
2022-07-07,660.6865844726562,661.7279071370114,650.5807508251304,653.2078053283803,17743142
2022-07-08,661.3018798828125,667.4079643038475,660.1895448317669,667.4079643038475,12474030
2022-07-11,665.5856323242188,667.3606535366644,659.4795477972783,659.8345520397675,7462880
2022-07-12,658.7932739257812,665.1596606593656,657.6572487168633,665.1596606593656,9876974
2022-07-13,642.7233276367188,659.9291881427924,641.0193188510601,657.9411875229638,15945610
2022-07-14,639.5046997070312,649.7288108809627,638.6526663672696,644.6877388120965,10372410
2022-07-15,644.7113647460938,646.0603692493304,637.4929454810771,640.4276239716492,13595646
2022-07-18,637.8480834960938,646.628488529475,635.244718624949,638.0610629642009,20332220
2022-07-19,638.084716796875,643.0547767232044,632.8542972859561,632.8542972859561,15792538
2022-07-20,646.1314086914062,648.9950749004665,641.492663496681,643.6937013470418,20347862
2022-07-21,644.0960083007812,648.2377243196178,642.8416484646634,644.0013636183196,12640278
2022-07-22,659.1245727539062,661.2545983032007,644.877080080309,646.5810889636165,12729592
2022-07-25,661.065185546875,664.8518972587639,654.7698119942409,660.3078547606243,10143126
2022-07-26,659.7162475585938,663.6212944051289,656.189895033676,660.7812603349215,8527964
2022-07-27,664.7572021484375,665.5145328772356,655.2194111915459,657.4204487632333,9212778
2022-07-28,670.6503295898438,674.0347148899765,667.8813080826944,669.7983540849104,17420406
2022-07-29,678.8627319335938,680.9454349708267,669.916671568808,680.6614431431668,20019736
2022-08-01,684.5192260742188,685.6078711371147,676.898479511382,681.1348405708483,13193036
2022-08-02,676.9931640625,683.7855677514658,673.5851460761737,682.5548977997728,15036510
2022-08-03,678.5787353515625,679.5964256924633,670.7213200112976,674.4843417078575,10975498
2022-08-04,677.774169921875,684.779552911016,668.8043606176687,681.6082045161496,12012206
2022-08-05,675.4783935546875,680.164403086726,672.6856821032446,678.2947372860145,9268982
2022-08-08,692.0452880859375,693.2049454902074,675.5020558450844,675.9280724889151,15357736
2022-08-10,694.0570068359375,696.5183465521361,685.8919089915445,691.7139440904666,17353102
2022-08-11,703.2396850585938,705.7484047134244,697.9620017642866,703.6183793470861,18301766
2022-08-12,702.9793701171875,704.9437383632303,698.624617003692,702.9083577168467,8850370
2022-08-16,711.0261840820312,714.0318751491698,704.3521157975206,707.5471540191029,12563756
2022-08-17,714.694580078125,716.0435846954439,703.2634314733141,710.0085123405493,12384350
2022-08-18,715.5465698242188,716.5879503313682,709.8428693302802,710.008526430319,8342138
2022-08-19,706.7188110351562,715.6885618964038,705.2751039852128,714.7418839044774,8063702
2022-08-22,695.9739990234375,704.494101169479,694.7196390958088,702.8137823590608,8234066
2022-08-23,693.8202514648438,698.6245955512792,686.5308201265982,687.9035146287083,14966884
2022-08-24,697.1572875976562,698.4116474192263,690.6961991270781,691.9742490093071,13455520
2022-08-25,693.3706665039062,703.7604928802608,689.654966674725,700.4944420172992,11823040
2022-08-26,693.4889526367188,701.3937485514476,691.642918993121,696.778693332773,7706176
2022-08-29,681.3240966796875,684.4481221958239,676.2120129037309,680.1880716427379,8653178
2022-08-30,703.4290771484375,705.251420744394,683.0755001251575,684.6611742208433,10135400
2022-09-01,696.8259887695312,705.014718429371,690.6015696459982,693.3232687724303,22403136
2022-09-02,703.1450805664062,705.5117755531663,693.5362758079048,696.8260165078848,12038086
2022-09-05,707.6654663085938,709.5351321703702,702.482369800808,703.4290477623429,12131932
2022-09-06,704.9674682617188,713.1562565405578,703.594773527377,709.48787908154,12238696
2022-09-07,701.63037109375,705.2750580128373,696.4236424775478,696.4236424775478,9776206
2022-09-08,708.8724975585938,710.0085227511238,701.5594328865137,705.3224549448381,11164690
2022-09-09,709.3458251953125,714.2685624302175,707.1921673792319,708.2098000210051,15128888
2022-09-12,706.9555053710938,711.901874940438,705.2751287641307,710.0085188900646,11080492
2022-09-13,716.209228515625,717.5346008263482,709.3221807419732,709.4878378356536,13001966
2022-09-14,723.5696411132812,728.4213656433966,706.3874130797399,707.1921240116534,20219760
2022-09-15,719.8065795898438,729.3916941454547,715.6885534856144,724.2086553128241,13539372
2022-09-16,706.5767822265625,716.9665500169183,701.9617270420313,711.4758292509372,20560046
2022-09-19,711.2391357421875,716.6352116395905,700.5416864112245,704.8017372069685,12076038
2022-09-20,719.8065795898438,721.3686213704209,714.694553161901,716.6352314664156,10781668
2022-09-21,718.6942138671875,720.1852431794865,712.3751501709676,713.7951670816074,9072304
2022-09-22,703.3817749023438,714.8129236481702,701.8434231066286,710.9551991274026,12048144
2022-09-23,684.5192260742188,698.1750450604594,680.1881625436476,696.9206851182904,15806252
2022-09-26,675.2890625,679.9277498021432,671.1946687964193,674.6736987181858,8923486
2022-09-27,669.2303466796875,681.6081733278456,665.9879860224158,678.0108084136324,12639700
2022-09-28,657.728271484375,667.6920233859096,656.0005724707542,665.5146754065687,11816132
2022-09-29,654.3201293945312,663.7158966193714,652.6398106789119,660.9232428535685,14410388
2022-09-30,672.7803344726562,677.561046520772,646.1076950288735,652.6397959370244,15781756
2022-10-03,668.9226684570312,671.1237064183372,663.1952779695787,667.3843166684661,11541112
2022-10-04,687.7616577148438,690.1283530270076,675.0525154446527,676.6381897476731,11538526
2022-10-06,680.1881103515625,692.3055766138067,678.8627381029233,691.051216767887,12549198
2022-10-07,677.25341796875,679.2177284598232,672.3069910888432,676.9930584243101,13297994
2022-10-10,669.774658203125,674.9813869948101,661.8225402090238,666.4612853356891,13109302
2022-10-11,662.9822387695312,670.721319359864,662.4141973381068,663.195218193418,14521620
2022-10-12,667.3133544921875,669.7036818066864,661.3966169107936,664.1892708246992,9225050
2022-10-13,659.6452026367188,665.6329523957306,655.1011599044915,663.6449517568307,14714234
2022-10-14,681.1348266601562,684.9215386916234,669.8930253167381,670.7213685736215,12849920
2022-10-17,684.70849609375,689.9388569363749,675.454696308178,679.2414079903542,18410500
2022-10-18,683.4304809570312,692.4476117206183,681.6081374235195,690.1519292027847,10561108
2022-10-19,690.4358520507812,699.3109571200404,687.9508226313887,692.9682038077501,12967040
2022-10-20,685.7735595703125,687.7142378951055,682.7915007873737,683.5015092803935,7898078
2022-10-21,680.9453735351562,689.9625032691165,678.7680260120248,687.2881267569458,10492606
2022-10-24,691.5719604492188,692.4949483754677,688.3769222390107,688.3769222390107,2167794
2022-10-25,686.767578125,694.7670189147169,683.9748664222344,691.5956128933714,13773394
2022-10-27,688.4241943359375,694.5539107499477,686.9331650572058,693.204906271337,15937276
2022-10-28,690.4596557617188,694.388393026753,685.1109591136768,686.341629099381,10474278
2022-10-31,708.4464721679688,709.061835992368,694.5066614551414,696.7550217495098,12830528
2022-11-01,716.2802124023438,723.7353013468916,709.4878095867721,711.6651573414332,19073756
2022-11-02,716.7297973632812,723.3802325595925,715.499127679653,718.0551695029621,12720406
2022-11-03,713.5822143554688,719.5935963898347,708.5884649206265,708.9197790999174,10332352
2022-11-04,708.6594848632812,717.6292356675809,705.0857523541924,711.5231511022943,10818060
2022-11-07,714.1739501953125,715.6886119761264,706.2691537412114,714.7419339179569,9835834
2022-11-09,713.9608154296875,718.504857932011,711.9018024905791,717.1322211596956,9269790
2022-11-10,721.7236328125,722.7886455515248,707.6654877696277,708.6357980412447,12774182
2022-11-11,762.6201171875,774.8559183927981,727.9953588809551,731.3087317757319,56722338
2022-11-14,764.4661865234375,770.5959035530808,756.3957333401862,763.0224794395369,19195390
2022-11-15,766.3358154296875,768.3001837702703,759.8274043968535,768.3001837702703,11030202
2022-11-16,772.915283203125,777.2226566503574,763.022486309608,766.170202291269,13578150
2022-11-17,765.9335327148438,772.2762870225876,763.9218419167568,765.9098426520217,12100930
2022-11-18,763.9218139648438,768.2291872540715,759.8274201106582,767.2825092660813,10459232
2022-11-21,756.0880737304688,763.0225019450933,752.7036881737774,760.9634887596205,8344816
2022-11-22,754.9757080078125,759.4014161193165,753.0823520002695,757.3424030172414,8546314
2022-11-23,756.9401245117188,759.7091462925441,754.5024169410065,759.7091462925441,10185738
2022-11-24,769.2468872070312,772.4892478000642,756.9400732102165,760.1587437409996,17197960
2022-11-25,765.6968994140625,772.3472781691015,764.0165227321851,771.40060010171,8410496
2022-11-28,757.460693359375,760.8687108608916,754.5260148319932,758.7150531969597,16105980
2022-11-29,756.32470703125,763.188122507995,753.958012039269,756.0407151883402,12638236
2022-11-30,761.3419799804688,763.4483728904855,755.9695946730914,755.9695946730914,15184806
2022-12-01,766.5724487304688,774.8558805629993,764.4424234021038,767.755796135116,20446366
2022-12-02,760.703125,766.1465237122118,759.7801370262731,762.0758197096427,7811078
2022-12-05,763.4721069335938,764.2531278294877,755.5436787874839,762.052089952201,11592622
2022-12-06,762.6201171875,763.827096930786,757.342375948978,757.8157149339461,12353092
2022-12-07,762.2887573242188,766.1464816690436,759.4487233693498,764.0401462647712,11674720
2022-12-08,766.5724487304688,769.6491519825515,759.7090337835149,762.0757285928094,14803634
2022-12-09,772.0396118164062,773.8382653777363,766.8091926677436,769.649226714661,11963384
2022-12-12,778.0509643554688,782.7133418481023,767.4718494913106,769.175858298182,14434808
2022-12-13,780.2047119140625,784.322738181516,778.6426700715715,781.0093651173817,17031702
2022-12-14,786.8077392578125,788.3460909814328,781.0093366072435,782.4293535828931,14227640
2022-12-15,772.3946533203125,790.1921893164714,770.1462929247442,784.3464638441227,18182648
2022-12-16,776.1102294921875,778.6899036859147,761.6023789583885,766.8327975258877,14647958
2022-12-19,778.5243530273438,779.4237087213362,769.7438910954138,778.1693487623974,9604542
2022-12-20,773.1519165039062,774.5719334714851,766.9038071781762,766.9038071781762,7174698
2022-12-21,765.6731567382812,778.5480122385196,760.4427954437242,776.7493009218134,9269198
2022-12-22,763.046142578125,770.3592068674686,761.6024355451656,767.850487106121,9747096
2022-12-23,756.2300415039062,759.3067449086949,750.455271214228,751.1889697537788,10693152
2022-12-26,771.2821655273438,775.8025758263841,752.6089661769071,757.105686415071,9907322
2022-12-27,772.0631713867188,774.3588538023118,763.7324171897993,772.9625269730042,7926772
2022-12-28,771.4478759765625,772.9625375674409,768.2764702109968,768.2764702109968,8691870
2022-12-29,776.891357421875,777.9326801546684,762.5491619891518,766.856535519368,11012896
2022-12-30,770.6668701171875,778.6426203561981,766.8091458826996,778.6426203561981,7122640
2023-01-02,770.92724609375,776.1576654267515,766.1229012195713,770.122592864354,4381378
2023-01-03,775.9683227539062,777.6960217594701,767.8505468805683,767.8505468805683,8378030
2023-01-04,762.0995483398438,778.99772904152,760.655841148244,773.9093343356435,10351600
2023-01-05,757.2003173828125,765.8861335942461,752.3249607233827,764.4424266422033,10941436
2023-01-06,754.6917114257812,761.649771597572,747.0235849749788,758.2890762614053,9092462
2023-01-09,756.1591186523438,762.809555296411,752.6090758417694,755.4491100902288,10729340
2023-01-10,742.3375854492188,757.3424088115413,740.7755436187888,757.3424088115413,16371766
2023-01-11,753.0349731445312,756.3956682495882,738.4087875277582,742.1718091980973,15195798
2023-01-12,757.058349609375,759.1883749446505,749.8399304176081,751.5676291901252,9250070
2023-01-13,757.6500854492188,762.0284712196939,750.7156575106625,756.750729788885,9244546
2023-01-16,750.38427734375,767.4244799251755,748.0175825407742,764.4424213611721,14748094
2023-01-17,761.5551147460938,762.5491150718101,746.6922588614403,752.5143515673539,10786354
2023-01-18,774.9979858398438,777.0333089188046,757.200392801334,759.7091126719464,19090642
2023-01-19,778.216552734375,781.0092640832843,772.9625019684869,774.8558577602039,11172162
2023-01-20,786.1924438476562,790.0028461760414,777.885378485851,778.2166926967351,18843404
2023-01-23,791.9434204101562,796.4401406323066,786.4053775646045,788.7010600166277,15444400
2023-01-24,802.5462646484375,805.8123152644733,792.842815267551,792.866505329516,24983940
2023-01-25,780.370361328125,801.3392445591735,778.7846872191718,800.6056037705797,14704142
2023-01-27,764.8211669921875,774.8559305182873,752.5853078147762,772.4892355564111,35179948
2023-01-30,764.0401000976562,769.3178411010082,748.8222408528942,754.975647383291,18512822
2023-01-31,758.9990844726562,768.0871701361255,754.975702983403,766.6671531399184,18596244
2023-02-01,770.3828735351562,788.1093950748863,760.18239548965,768.7024970580272,17302790
2023-02-02,758.9281005859375,768.9392323415261,752.0173625008308,761.1764609144216,17497106
2023-02-03,785.1747436523438,785.9793968271139,760.6557607354243,762.5491167048964,14411100
2023-02-06,781.8377075195312,790.1921525781385,779.2106529093284,785.7427543408033,11167672
2023-02-07,782.9973754882812,788.0621376170855,772.7732643205723,785.4587730346269,10264588
2023-02-08,782.9027099609375,789.6241006826871,781.0093539513584,783.0210447115362,8444826
2023-02-09,781.2697143554688,786.5237657315753,774.1696293119086,785.7427448206556,11777336
2023-02-10,784.3700561523438,785.0327423176034,777.3172933990301,780.441377066591,8172116
2023-02-13,784.961669921875,786.5710339771882,778.4296267994425,783.3759959273335,5736944
2023-02-14,792.2274169921875,794.0261282040997,784.7723281580804,788.1093910341734,10908592
2023-02-15,790.6181640625,794.262851292887,784.204397425203,794.262851292887,11438712
2023-02-16,787.7544555664062,796.1089007357218,786.216103767944,791.9908166376073,8062500
2023-02-17,783.8020629882812,789.6004657481362,777.6722882594793,786.2160803362563,8956270
2023-02-20,776.4415893554688,790.2157422072587,773.8145926677021,785.7427119293137,8086706
2023-02-21,779.3526611328125,786.8550727038969,773.4359236507838,776.2759576421577,12389296
2023-02-22,764.0638427734375,777.199000918852,761.6261929817764,775.8026738859212,10359102
2023-02-23,758.8807373046875,766.2648140080034,753.6029959990215,763.4957924668398,27882010
2023-02-24,752.1119384765625,765.8151364213195,750.336917326773,765.8151364213195,17061740
2023-02-27,753.981689453125,756.8690457387776,746.5976127581428,750.6683165199346,14312972
2023-02-28,757.1530151367188,759.8510819707354,751.9936087375356,753.5556504719998,18993992
2023-03-01,756.4193725585938,763.4957671267764,755.330669803195,763.0224281514963,14137256
2023-03-02,749.98193359375,760.1587217973406,748.8222761897821,754.5023440243442,17391814
2023-03-03,764.8685302734375,766.8092086899194,751.662360123205,755.4490722648835,14986234
2023-03-06,770.2645874023438,776.0156100994345,765.8862015978312,766.8091895470669,27004710
2023-03-08,771.8028564453125,776.0392169817239,766.8091073561408,766.8091073561408,20099774
2023-03-09,771.8738403320312,779.0922596719008,770.1225092437928,771.5188361022016,20700166
2023-03-10,751.9700317382812,763.8508293638935,750.2423327911828,762.2887875145955,27387000
2023-03-13,742.4558715820312,759.1410704335563,740.7518050492812,751.6149691826986,26443550
2023-03-14,740.4678344726562,749.5796099935142,738.0775072511518,743.2605460585534,33185612
2023-03-15,729.8414306640625,749.248330063132,727.3327108002192,746.9289573593102,37264754
2023-03-16,734.5747680664062,737.982785579755,725.1790009533352,728.4686837227395,21753342
2023-03-17,744.3966064453125,747.4969422958127,728.9420761958121,737.2255088798554,22950876
2023-03-20,739.2371826171875,742.2428737084866,731.4981015299404,742.1718613024195,26503114
2023-03-21,747.6151733398438,749.0588802339063,736.6100428719521,744.0651312534271,33050494
2023-03-22,745.8876342773438,750.7393591246861,740.9175746776272,749.7689910429613,14177324
2023-03-23,739.89990234375,752.7747006046328,737.7225544029504,742.0772502845497,28364178
2023-03-24,738.7164916992188,744.9882331927605,736.0184248411618,738.4088098056723,31477748
2023-03-27,741.9352416992188,747.6153100763521,737.8882276488973,739.4502117842229,31872006
2023-03-28,747.9702758789062,749.2483258664123,740.3495294210122,741.1068602762156,39276302
2023-03-29,751.567626953125,758.2890171010677,748.7749155212824,749.7689157853254,39763612
2023-03-31,761.8628540039062,763.4721604711577,753.7450781349003,755.2597399090109,34711228
2023-04-03,762.3361206054688,764.7737701383646,758.6440534334533,760.916103659407,40025398
2023-04-05,782.7843017578125,783.8493144132652,764.9157560941043,766.1464258287228,43365392
2023-04-06,788.7484130859375,790.0974176490104,779.6366375439686,780.3230137466818,44637344
2023-04-10,785.009033203125,790.9494607030667,782.902697787476,787.2810834915474,31813286
2023-04-11,787.3047485351562,790.1921047569881,781.5299783108553,785.26936780893,42361542
2023-04-12,797.52880859375,799.0907924607276,789.4347241030233,789.5293687807915,26955504
2023-04-13,801.1025390625,803.2799446098875,794.3338262706332,799.138228506588,35330086
2023-04-17,788.8904418945312,814.1430655398879,782.571377912893,814.1430655398879,32405148
2023-04-18,785.5534057617188,793.9078508052294,784.0387440490672,790.4761429987975,29637226
2023-04-19,788.4407348632812,790.6181404482337,784.3937211551915,788.1094206815565,24741168
2023-04-20,791.3754272460938,794.002423833816,788.7720629382435,791.2807247846998,32922716
2023-04-21,792.6535034179688,793.7658385477291,787.2811171507625,790.0028164885751,20128618
2023-04-24,799.067138671875,800.6291224968062,792.4167034896188,798.5227873377768,35675852
2023-04-25,787.7070922851562,798.8541908386393,786.6420795569525,798.8541908386393,50353068
2023-04-26,791.328125,792.8427866144116,783.376007072747,785.7427019581631,27392750
2023-04-27,795.6828002929688,797.6944908945422,788.5117034159383,790.7127411596693,47790392
2023-04-28,798.8069458007812,800.4163100797197,790.4761903211897,797.4342510399031,27916272
2023-05-02,798.6412353515625,804.2029686544997,796.1562055779098,799.3275537958391,32221184
2023-05-03,801.4338989257812,802.7829034515152,795.0438227485433,797.5524846534473,29407270
2023-05-04,817.8351440429688,820.9828021558743,798.5702121515963,798.5702121515963,56854638
2023-05-05,769.4835815429688,786.1924141095578,767.8032049269116,775.8026458391606,62770416
2023-05-08,778.3823852539062,781.1750972322802,771.5426590269382,773.909354300027,37244524
2023-05-09,778.4059448242188,783.8493430397727,776.2522293745058,780.9619868467801,43688938
2023-05-10,782.0032958984375,783.2103333766557,773.009855524588,778.4059313050248,46340550
2023-05-11,782.5240478515625,798.9962689250709,780.6543818274131,788.1804838313546,35734618
2023-05-12,789.434814453125,791.8015094745331,778.287657790037,779.5893400518114,22478760
2023-05-15,793.221435546875,795.5644402371944,788.1566741133377,791.4227244245658,18512260
2023-05-16,788.6732177734375,800.4030139627808,787.0932626645074,800.4030139627808,32722086
2023-05-17,784.4361572265625,789.9659421992638,778.1643181013914,789.9659421992638,30466868
2023-05-18,787.572021484375,791.8569644245696,785.1781855528116,789.0083230433131,49646942
2023-05-19,788.481689453125,789.9658560394562,781.1326248446826,789.0083216684993,30460332
2023-05-22,785.6809692382812,791.3543491028732,781.6832161993159,787.5720763787239,28334032
2023-05-23,783.8375854492188,789.774310031499,782.0422085660649,789.487061418846,22470074
2023-05-24,773.592041015625,782.6646557954235,772.538718142512,779.2175554402136,33588112
2023-05-25,770.6237182617188,775.62687085873,764.7588197205333,773.5441866629621,29776930
2023-05-26,773.592041015625,775.1240726305493,767.1047222806039,775.1240726305493,26635066
2023-05-29,783.0237426757812,785.6569622323185,777.9248603912886,779.6723723310973,21816292
2023-05-30,783.6221923828125,786.4469304713781,779.696324831423,782.1140640569184,37125928
2023-05-31,771.2221069335938,782.7603843834687,768.2537737690359,780.3426451693598,43334270
2023-06-01,767.9425659179688,775.5549758597977,766.0274971750312,775.5549758597977,50366938
2023-06-02,769.1395263671875,773.1133176055869,766.5063067001975,771.9881679023533,17859710
2023-06-05,768.1340942382812,773.9271655706029,767.2004631482836,772.9696311869709,18697242
2023-06-06,765.740234375,770.7433279959911,762.3170373717256,769.6900635841799,32182852
2023-06-07,769.7139892578125,772.0360568877586,764.1124365028589,767.6792286969496,24949026
2023-06-08,770.1927490234375,778.4754447215801,767.5834912360843,767.5834912360843,37395522
2023-06-09,771.1024780273438,774.8847507794242,769.3789277124094,773.6399676877086,18212578
2023-06-12,766.4105834960938,773.5920917430839,765.7642009992537,772.0360982895694,13408292
2023-06-13,767.7031860351562,770.3364055694209,761.2876940266594,761.2876940266594,27926108
2023-06-14,766.8653564453125,771.772720205927,766.1232439139638,771.0306076745784,20113968
2023-06-15,757.4336547851562,768.8761438484094,755.9733914813049,767.9425712071014,35377476
2023-06-16,767.3441162109375,770.4321412189463,758.3672313699111,759.8753597118556,15779272
2023-06-19,768.0143432617188,772.8498798378108,765.2374703858508,771.2938865843043,24829146
2023-06-20,769.6182861328125,771.2939713592292,761.5510703742875,768.0144276761805,20005626
2023-06-21,783.0716552734375,783.8616328770374,771.2939933210611,773.6878294269613,24308946
2023-06-22,786.9017333984375,793.580570693625,784.7233777731387,785.1781832214814,56596140
2023-06-23,786.8538208007812,794.7056138469821,782.3294945543738,784.0051796001923,21339218
2023-06-26,783.0476684570312,790.3249060654587,779.7680665871447,787.571994837304,16130314
2023-06-27,794.0833129882812,800.929707728713,784.4840651290187,786.5905941784453,33831864
2023-06-28,802.4856567382812,804.2810337444777,794.9929383437692,799.5412267594668,59562950
2023-06-30,814.5745239257812,818.1174128864183,805.8848875767882,815.8193069543128,40699016
2023-07-03,823.3838500976562,841.4333500761821,818.6919081822313,819.8888261766497,44104116
2023-07-04,827.4053955078125,836.406241634242,820.5111950503219,825.1312514621555,38795188
2023-07-05,801.1212158203125,823.4796217067899,798.8470715161803,821.6842446245804,37165754
2023-07-06,801.93505859375,808.0872054143094,794.9450691746598,800.977524195429,52156544
2023-07-07,794.945068359375,801.9350577712964,792.9821345334826,797.1473857846021,19926336
2023-07-10,793.0538940429688,802.772891445225,789.8222154878739,795.2323081500037,38398442
2023-07-11,789.1998291015625,802.4137915457645,787.8113925946035,796.1898182223189,50670426
2023-07-12,781.8028564453125,797.7697889233564,779.0260418202364,792.5272531476065,70958358
2023-07-13,785.7047729492188,793.532604310247,784.2445681802172,793.1735289409957,41913546
2023-07-14,787.3326416015625,791.6894113288874,782.7843533101579,791.6894113288874,24727214
2023-07-17,803.80224609375,805.2864126924621,781.8268204083179,789.9658626293475,49252928
2023-07-18,803.1320190429688,815.8193504913376,799.5412648594681,812.9467471445371,81076818
2023-07-19,806.7705688476562,808.518080755261,801.935031985233,804.8555001145571,32935134
2023-07-20,808.51806640625,810.0740597242783,804.328853626943,804.8794475665894,56210948
2023-07-21,802.2941284179688,809.0208308967337,801.0972104283851,804.3288890002611,42154248
2023-07-24,803.5628662109375,806.555161158962,799.5890751426567,803.6107312414538,32179444
2023-07-25,812.2764282226562,813.4254812031791,803.5628884699448,806.555183500857,55992596
2023-07-26,809.45166015625,813.7126998116902,808.1590121278992,813.7126998116902,24794358
2023-07-27,801.0493774414062,815.3405671200665,798.3203692500316,813.8564004422645,59741302
2023-07-28,786.8538208007812,799.0145182505155,785.7047679378544,795.471629607848,41015684
2023-07-31,790.5404052734375,793.2215484430462,784.5558150613891,789.98986972854,34565006
2023-08-01,795.8307495117188,798.3203154846697,789.9658515231379,792.0963421090329,35394188
2023-08-02,785.4176025390625,790.6840418124119,781.8986752587043,786.1357533490648,28116322
2023-08-03,779.7442016601562,790.6121935791729,777.0391553272656,785.1781976196645,57673946
2023-08-04,791.0191040039062,793.0778262359121,780.0314207032054,782.856158727379,37388304
2023-08-07,790.5642700195312,796.2376491558498,788.7928549114002,796.2376491558498,28300918
2023-08-08,789.91796875,792.6469182530226,786.1596581385537,790.7797145936216,43773828
2023-08-09,790.2052612304688,792.1203300247262,780.917165889668,791.4021792268796,33361236
2023-08-10,783.1913452148438,792.0006737522444,780.8693358862994,788.5535731452575,50781118
2023-08-11,775.0283813476562,784.4122069559019,773.7835398495799,784.4122069559019,28225822
2023-08-14,771.2461547851562,773.2090887707817,766.1472720157544,771.2940198202658,31304410
2023-08-16,768.995849609375,770.6476315074848,757.0745931406195,757.9363390305685,34137542
2023-08-17,764.73486328125,770.7673182443161,763.1549081618289,764.8784583736676,52884040
2023-08-18,761.598876953125,764.2560581283789,759.085349306415,760.0668453838622,25633366
2023-08-21,761.0004272460938,766.2668661889733,759.8035093045302,766.2668661889733,21837270
2023-08-22,757.7447509765625,765.0699118073394,756.4521030385458,764.2799343148821,32273570
2023-08-23,759.6119384765625,761.5031037600577,753.2204087970642,756.4520870169149,36498588
2023-08-24,756.1170654296875,764.2081843881693,754.6089370548672,762.8198062571005,43145792
2023-08-25,747.594970703125,755.2552457791736,746.1108040957927,753.8429059393314,30069756
2023-08-28,755.3749389648438,757.7209098998453,747.5949720764402,747.5949720764402,28867238
2023-08-29,761.3834838867188,762.5085750919843,757.1463475103358,761.0961768187698,35538932
2023-08-30,755.8297119140625,767.918583020737,753.4358760513546,767.918583020737,28084204
2023-08-31,752.3587036132812,757.9603149977916,748.3610091258726,755.9734194012763,100075772
2023-09-01,753.9146728515625,755.9733951516992,746.5656081528945,752.1432576208482,43226776
2023-09-04,758.630615234375,761.9340622690505,754.0104999128797,761.2398731833899,25073638
2023-09-05,754.0104370117188,760.473793886353,751.9517147780502,760.473793886353,38712082
2023-09-06,763.873046875,766.0274992165465,754.010454511239,754.9201238552107,56320910
2023-09-07,771.2221069335938,772.7302352523851,759.8753480460392,763.8730423452171,34208342
2023-09-08,777.2306518554688,781.7789400663747,769.6661070326583,770.0012791246807,34502210
2023-09-11,781.2523803710938,783.5025629490954,777.5179726424265,779.8639437312936,31573022
2023-09-12,783.6940307617188,786.5666339228394,778.0206512071577,785.178197372979,39033340
2023-09-13,787.04541015625,790.7318942113928,779.7202486339522,781.0129551372609,46420094
2023-09-14,786.5665893554688,789.9658245482066,782.8321820803015,787.2129133414476,23538848
2023-09-15,795.5913696289062,799.5411989049336,789.9658552054733,789.9658552054733,173411202
2023-09-18,779.9356689453125,792.3596534268783,778.5232707508934,791.7611944741388,37056288
2023-09-20,748.6482543945312,765.548760092835,747.0683576854377,765.548760092835,115474648
2023-09-21,743.6929931640625,751.161749541656,735.8891231351594,743.5254363384076,72841442
2023-09-22,732.3462524414062,748.9834124885792,729.5215142987016,746.3980579436757,61704250
2023-09-25,732.9925537109375,737.636571986799,730.1199506265053,730.1199506265053,40208754
2023-09-26,736.1764526367188,737.301543953449,730.1200354084478,730.1200354084478,27575308
2023-09-27,731.0056762695312,733.7107225961398,725.3322967263633,729.1624342668326,39338538
2023-09-28,729.49755859375,736.1524343562999,726.9361657647512,734.4288841265327,55354188
2023-09-29,730.742431640625,735.1231049512756,728.8273627596361,729.4975901133708,32053782
2023-10-03,722.0048217773438,731.0774358654312,721.0233257454744,731.0774358654312,38971694
2023-10-04,732.2984008789062,734.9076587656226,713.0040591639762,715.7569705893197,54649430
2023-10-05,735.2667236328125,742.8312687313597,733.7585952718871,734.9316099718342,48512674
2023-10-06,734.4528198242188,739.6952970962377,732.4419625913994,739.2165299136511,17759356
2023-10-09,725.9307250976562,732.513773717668,723.8959646151071,731.556239372939,16454972
2023-10-10,730.048095703125,732.0349911152088,725.4279808985405,727.9894319713059,33266292
2023-10-11,737.1099243164062,738.3308039789869,731.7956204103215,732.561636194785,31333360
2023-10-12,742.017333984375,743.046695154072,733.2798325755078,735.4342849776942,22025336
2023-10-13,735.2667236328125,741.5146589381054,732.4898505097352,737.3014842223872,39745300
2023-10-16,732.3223266601562,734.6443359841811,727.965556654919,733.2319960651158,17856084
2023-10-17,737.8759765625,744.8420626176685,734.9076433348039,744.8420626176685,32902558
2023-10-18,727.6064453125,737.8759782779842,726.8164677513256,737.8759782779842,31216200
2023-10-19,725.3082885742188,730.7183808812238,719.6827744216524,720.7360972438319,30252364
2023-10-20,729.066650390625,731.0774490736428,720.5445716148215,720.5445716148215,21094010
2023-10-23,721.04736328125,731.9153553189844,718.1986633818357,729.4018275247573,22376136
2023-10-25,716.4751586914062,729.0667602000749,714.0573608059868,728.2049558099759,28311996
2023-10-26,700.6279296875,714.3206598703572,699.1198013241884,713.9615844716288,55561798
2023-10-27,703.380859375,707.6179375015631,702.3036331507926,703.548416210113,31940532
2023-10-30,711.0171508789062,713.3391600901615,699.9097753123232,700.5560993380782,23310982
2023-10-31,706.8997192382812,720.0658162779376,705.7028013255851,720.0658162779376,32634824
2023-11-01,705.9421997070312,707.354539496317,700.0773018118728,700.0773018118728,33877466
2023-11-02,707.0194091796875,713.6024576822916,702.4232560956117,710.96923828125,45225154
2023-11-03,710.370849609375,714.0334304636632,709.3654501545199,712.4056102569502,18095340
2023-11-06,715.517578125,717.193263319672,710.0117553425058,717.193263319672,25593730
2023-11-07,712.0464477539062,715.2781260341811,707.234814492639,715.2781260341811,41952848
2023-11-08,714.1051635742188,715.0147744015756,709.0541467812902,710.4664864917698,31399546
2023-11-09,711.2805786132812,714.6079876326531,710.2512173342882,711.4481354625899,22116740
2023-11-10,714.0812377929688,716.2356900692465,708.5993770450763,708.6232803377466,14015186
2023-11-13,712.78857421875,716.2117126727126,711.4001377601898,714.3684707875195,20605914
2023-11-15,720.2573852539062,723.3932753387419,718.4141432279705,720.1137317170233,41245460
2023-11-16,722.1484375,727.2473194666765,719.9461202422743,722.794761480394,29713838
2023-11-17,720.5924682617188,721.7415211781168,712.8843283809061,713.3630955591337,23701874
2023-11-20,720.6403198242188,724.3747271219125,718.8928664109501,724.3747271219125,19331452
2023-11-21,726.74462890625,728.6836593929769,723.9438525479579,727.2473578304415,24959972
2023-11-22,724.1593017578125,727.7260937743376,719.8503972552013,727.7260937743376,29123650
2023-11-23,728.3485717773438,729.5693930831869,722.220328180805,722.220328180805,13046220
2023-11-24,733.5192260742188,734.0219550188177,727.654327789123,728.3006518298484,16469192
2023-11-28,731.867431640625,735.9848175325754,730.5029569217514,735.0033214761758,28489338
2023-11-29,746.4698486328125,748.3130905581396,733.950075384279,734.3809775281464,34042488
2023-11-30,746.3023681640625,752.8374939821603,738.3308822383686,751.257597217354,69491440
2023-12-01,744.6744995117188,749.6297282428743,743.09454440636,745.8714174875178,22153536
2023-12-04,770.5279541015625,771.7727371502491,753.4120264631497,760.2823241901957,50662456
2023-12-05,777.3743286132812,784.6994906156142,773.9272279317513,783.5025725396295,52230820
2023-12-06,779.3372802734375,784.4361042559843,773.9990142449448,784.4361042559843,38613060
2023-12-07,780.60595703125,782.3056039667443,773.7835244385168,777.996699171334,20450386
2023-12-08,791.4979248046875,792.3597291563016,780.605970823838,780.605970823838,33728038
2023-12-11,790.4446411132812,796.5249611291558,788.5295723280279,789.9898356540881,23187620
2023-12-12,782.5928344726562,792.9581557902037,781.2762247045517,791.9766596766761,36581476
2023-12-13,780.8214111328125,783.2631120796166,773.2568662574292,781.563465201162,29346914
2023-12-14,790.0376586914062,794.2507747290626,787.5719960728002,788.0507632436652,35172366
2023-12-15,793.101806640625,798.5836675519721,788.3380380661904,789.9658581899005,138837130
2023-12-18,792.6947631835938,797.0036676222288,790.4206191743141,795.0885989828354,18014754
2023-12-19,791.3543701171875,794.1072817034686,787.1172917991296,789.9659334545838,24008446
2023-12-20,793.3172607421875,799.0385054794685,787.3087089265515,793.796027948429,34232520
2023-12-21,807.53662109375,808.9968844459388,790.0855798531799,793.3172584861196,36589240
2023-12-22,799.9481811523438,807.1536510402615,798.1528041148157,806.0524630799391,48578850
2023-12-26,805.5018310546875,807.1775162105685,798.8470139045111,801.0971963079616,18045856
2023-12-27,815.4841918945312,817.0162235511344,803.6586070355986,805.0470435987298,27009078
2023-12-28,816.4177856445312,824.149887782185,814.8617922105217,818.3568162242175,44076470
2023-12-29,818.3328247070312,821.0378710363707,811.9891593992248,812.4679265922668,25011426
2024-01-01,812.9945068359375,818.2849073581062,810.074038833758,816.7767791077962,14239686
2024-01-02,813.4733276367188,815.2448013204753,808.4941371304667,813.3297325444754,29242092
2024-01-03,800.9296264648438,816.1543877106121,799.038461039413,814.8617397029581,28389762
2024-01-04,809.5234985351562,811.4864323425077,799.8763278844378,803.3713517790169,26734056
2024-01-05,805.3821411132812,816.2501913581319,798.6315354441177,807.7520737623003,31889470
2024-01-08,796.4052124023438,805.453923454508,794.753489070434,803.6106815691105,17998470
2024-01-09,790.2052612304688,803.2756291285802,788.4098842358525,798.1767467752176,25326888
2024-01-10,792.8145141601562,794.7295829425168,785.8484865302768,786.6145023545687,16115824
2024-01-11,789.4871215820312,796.1419974247106,786.6145183500772,794.7535608406137,18314010
2024-01-12,785.752685546875,792.8384633063858,782.1140666068262,790.9233945544381,19773552
2024-01-15,800.8817749023438,804.7597774337735,786.9017379565865,788.8646717373587,28320356
2024-01-16,803.9219360351562,806.0763883828079,793.8438633427261,800.9775061380469,25322500
2024-01-17,736.1045532226562,764.4954709128732,731.7477834906084,751.6644868680132,170145236
2024-01-18,711.5198974609375,725.3323197153799,708.5994291824192,715.2782083529884,161070930
2024-01-19,704.0989379882812,723.058105901483,703.0217118745396,720.9993837290294,109600538
2024-01-23,683.3683471679688,706.0379622645205,682.243255943311,701.3939438294391,115469402
2024-01-24,697.037109375,698.2579305485548,660.8183625809348,660.8183625809348,86004404
2024-01-25,686.9830322265625,697.731331945695,679.5621410018516,695.409322831776,98941852
2024-01-29,696.438720703125,700.3406850803747,692.2016426624417,693.2788688648152,65645498
2024-01-30,691.4835205078125,700.53217422801,689.8557002681358,696.3908845219285,41728768
2024-01-31,700.2210083007812,706.1576749666016,687.8927526091608,689.1854007024332,65761040
2024-02-01,702.0402221679688,705.5112841214318,697.1089554241759,701.4178599181299,32690740
2024-02-02,692.3692016601562,708.9824002114282,690.4062678183428,706.1816237651476,44867754
2024-02-05,691.7467651367188,695.1220972150085,686.5761145330804,692.2973590957444,38605046
2024-02-06,691.3876953125,694.0687799185687,685.8818725644124,692.0819428119112,41075740
2024-02-07,684.6131591796875,696.0318040698868,683.0332624281431,695.6487669186412,54837086
2024-02-08,671.7343139648438,688.9220089386799,670.5134342809237,684.5652392978377,69106124
2024-02-09,671.9976196289062,677.0725401801844,664.0500959229506,666.515758652701,56642124
2024-02-12,665.4864501953125,676.809306881893,662.3026364247897,670.1065656569043,34447812
2024-02-13,667.6168823242188,672.3566891768745,662.7813454112104,666.4199643535106,57580994
2024-02-14,662.6378173828125,666.2046099191948,652.8230890297091,658.7837177497752,91320810
2024-02-15,677.000732421875,677.6949214331826,662.78131256852,663.0925229141347,41584944
2024-02-16,679.801513671875,683.5358625170894,674.3195945311911,681.7165823442695,32175742
2024-02-19,678.4610595703125,684.1584015447481,677.5513901049375,684.1584015447481,34451756
2024-02-20,696.2711791992188,697.6835190961174,675.9235727064516,677.4556044062488,56133508
2024-02-21,689.017822265625,700.9151754054046,687.0309267122648,700.9151754054046,45893136
2024-02-22,679.634033203125,684.0626300055545,676.1150473676641,678.7722288264276,50560882
2024-02-23,680.1366577148438,686.5042847124961,678.8918747107963,681.0702888003248,29833452
2024-02-26,680.9505615234375,686.9590543726445,676.761348833584,676.761348833584,23506870
2024-02-27,679.9212036132812,683.0570934898373,676.5219684176848,676.7613520010825,32087150
2024-02-28,674.7744750976562,681.8601942948292,672.1891206373224,679.9212222820232,25321986
2024-02-29,671.9019165039062,675.2532869853846,668.9814482015562,671.2794957514693,53295700
2024-03-01,684.9961547851562,685.9536891619308,670.2740637422462,670.2740637422462,34738898
2024-03-04,685.9297485351562,687.9884708858845,681.9081507835436,685.0919059296933,35616474
2024-03-05,689.8316650390625,690.8610261429652,680.6393587545882,680.806915575396,37991672
2024-03-06,690.6695556640625,695.576919496979,686.3367475409569,686.3367475409569,42409530
2024-03-07,692.3452758789062,694.7152087205789,690.0950932873528,692.0580272311091,49348046
2024-03-11,683.5838623046875,692.2734406211868,681.2857562639475,684.6371268147891,50531094
2024-03-12,698.78466796875,700.9151585638567,684.2779988916614,686.5521430195154,65418454
2024-03-13,699.1915893554688,704.5537583020961,694.2602641088363,701.6332902428926,63067454
2024-03-14,696.8217163085938,701.8727337796063,691.4835086418929,700.0055299615263,52432158
2024-03-15,695.4811401367188,698.6649535010525,690.5019498876019,694.2123954494871,143613804
2024-03-18,692.3213500976562,697.0850604784281,687.413986176019,692.7761555716247,21437856
2024-03-19,693.9012451171875,695.361508487081,687.2703309378574,687.2703309378574,36183594
2024-03-20,685.1398315429688,695.002424269405,682.0757097447741,693.757641226056,43606094
2024-03-21,692.1776123046875,694.8108316494399,688.6108203877344,690.6694840822236,28922860
2024-03-22,690.7892456054688,694.5715181893103,688.3475445643155,689.9035379705642,45980326
2024-03-26,682.4347534179688,688.4432464905726,680.8787600753138,683.2964992802526,56844290
2024-03-27,689.7598266601562,693.2308885833684,680.4478287400144,681.5490165895086,62168668
2024-03-28,693.2069702148438,699.2394246339555,689.75981165874,689.75981165874,55592142
2024-04-01,704.027099609375,705.6070545940972,696.8934573296461,698.04251018733,25199570
2024-04-02,708.6472778320312,715.685132245699,700.5561005197442,701.4657698820595,41225446
2024-04-03,709.6765747070312,716.0681045148733,704.4580010474605,704.7931146774648,45584386
2024-04-04,731.36474609375,732.5137990357915,720.0658521240722,720.0658521240722,88935066
2024-04-05,741.8737182617188,744.2435924609226,732.5856231419043,736.8227010597361,59055902
2024-04-08,740.4613647460938,745.5602472863112,738.0436253706997,744.4590593119542,20482940
2024-04-09,741.3949584960938,744.4111567395224,737.4451291623751,744.4111567395224,21884494
2024-04-10,735.553955078125,742.0412738306298,733.9261349558433,742.0412738306298,27807400
2024-04-12,727.2234497070312,732.4420241242923,724.5902299815868,728.2049458910936,41084208
2024-04-15,715.61328125,722.9384424882777,714.3445949763995,716.9778144689066,23415248
2024-04-16,722.579345703125,724.3268575486865,709.6526322136539,711.9267762534682,20744886
2024-04-18,715.61328125,727.1755203466597,713.8658277959437,722.8427124294902,34234884
2024-04-19,733.13623046875,734.8836839791993,708.6951417404246,711.7113984519393,34576434
2024-04-22,723.99169921875,745.6320106114753,722.12455398941,745.6320106114753,42298438
2024-04-23,721.7894287109375,730.838140600938,719.7068030516607,730.7424105369589,26827060
2024-04-24,723.7523193359375,728.5639528503503,722.4836330693169,725.332274400053,22441580
2024-04-25,723.2975463867188,727.5824894434112,721.1430939897369,721.1430939897369,35445204
2024-04-26,722.8427124023438,731.5562517090086,720.807951885483,727.630384206722,24854694
2024-04-29,732.2744140625,734.6442882658492,721.2867304749565,725.3322898363435,36093350
2024-04-30,727.7739868164062,737.0620819015442,725.2844208297038,732.1307565147657,52307382
2024-05-02,733.591064453125,735.8652087221101,727.8937229116466,728.6837005042626,33475006
2024-05-03,727.53466796875,737.5887797565925,721.59794265299,734.0698523195007,31865242
2024-05-06,728.994873046875,734.6682525558684,726.361653503664,728.6836626849343,28793396
2024-05-07,721.0951538085938,729.6650974721125,720.1376195097258,728.6596397036968,28480602
2024-05-08,709.84423828125,716.6905745370962,708.7430502857517,716.211807311795,41687862
2024-05-09,693.0155029296875,711.8071150125822,691.9622384959757,706.1576388307392,46281278
2024-05-10,697.8200073242188,704.6385064038308,692.4331341667237,698.3538309269745,27276608
2024-05-13,706.2400512695312,708.4482125597933,694.1317160729689,694.956710818051,27047202
2024-05-14,709.0062866210938,711.2144479759614,703.8378359787137,704.7841569928967,25665142
2024-05-15,698.1112060546875,708.39964782104,696.8009063196256,708.39964782104,38931996
2024-05-16,708.6665649414062,709.782790041372,696.655267230535,701.7752582341244,34945236
2024-05-17,710.5349731445312,712.4276743183018,701.848002597153,701.848002597153,20920190
2024-05-21,707.962890625,713.2526672307866,703.7407019802051,703.7407019802051,43769978
2024-05-22,708.156982421875,711.2629460513618,702.7943980944078,707.5018325662894,39996278
2024-05-23,724.3661499023438,725.8463536828482,707.1135946322969,707.8900706969359,40861920
2024-05-24,736.3046875,737.6150464828621,721.1631959122375,721.8911533778286,31060206
2024-05-27,741.400390625,749.7961904344879,737.2025499615863,739.2893258205864,29385440
2024-05-28,742.75927734375,745.4527436990592,739.9930626339711,742.5651435020584,27908904
2024-05-29,731.9854736328125,739.5319299971256,728.5640500675219,736.692907911739,35147706
2024-05-30,735.1642456054688,739.4106642295702,726.8170235494816,727.569210732381,33755350
2024-05-31,743.2688598632812,745.4284433104547,734.751733835956,737.1782587165238,74079588
2024-06-03,762.9964599609375,776.0026570209221,752.2227131847588,776.0026570209221,72637256
2024-06-04,719.7800903320312,756.5904610836327,705.6334383679294,755.6198511271432,89531240
2024-06-05,753.0963134765625,756.8816568854197,719.3918460943981,725.0699500696824,81631650
2024-06-06,756.9301147460938,759.7206182378197,750.5726316827747,759.4537360573207,46422870
2024-06-07,763.5545043945312,768.8928586568827,753.2175448676818,757.5852892641512,36712216
2024-06-10,757.7067260742188,767.0973660487972,755.9110620154896,763.8700759254958,22454058
2024-06-11,759.4052124023438,762.4140794074847,753.2903226155619,755.1345051292465,29545326
2024-06-12,763.9428100585938,770.8098870497467,760.1816966411113,764.3553074238586,39280436
2024-06-13,767.1458129882812,769.5480488358222,763.8700045190919,767.6311179466796,24120192
2024-06-14,774.9835205078125,776.0026490992642,765.6656295141681,768.7230745298527,25540554
2024-06-18,780.2733764648438,781.5836762242601,771.3679826211641,774.983540294414,32415714
2024-06-19,804.5628051757812,810.4107535609992,778.4291452824868,782.9910236928816,90131196
2024-06-20,810.1438598632812,816.0160382972864,801.7238302737451,810.3622826499824,41408742
2024-06-21,808.3967895507812,811.8424431419929,797.4289085916951,811.8424431419929,51630776
2024-06-24,811.6240234375,812.9343231272944,798.6906344612428,799.2972656586157,28544994
2024-06-25,830.5266723632812,833.2443684249017,810.9931467609703,810.9931467609703,74521548
2024-06-26,825.7464599609375,830.3083388227997,820.699276097629,828.876653523733,47596666
2024-06-27,823.1500244140625,831.3274011881083,818.5153383232833,823.1257354693937,55074650
2024-06-28,817.1565551757812,828.2214732583296,814.8270675577021,823.8537284054296,26476046
2024-07-01,827.5419921875,828.5611799942127,815.3123309202279,815.3123309202279,21187024
2024-07-02,839.8687744140625,841.9556094944659,826.353042764463,832.2980286836319,45921690
2024-07-03,858.3346557617188,870.6371250279785,856.3934358619908,869.1812101031826,123217802
2024-07-04,838.1945190429688,854.0154497500956,837.0782938778042,854.0154497500956,45848658
2024-07-05,799.8310546875,817.7388187080663,796.9677437114144,817.7388187080663,82242548
2024-07-08,793.6434326171875,803.1553977227993,789.6639557513818,798.472252380916,39087800
2024-07-09,794.2015991210938,799.1516862165171,786.3639118522315,788.6205918556537,48550878
2024-07-10,789.1544799804688,795.9002315965357,786.5581099756618,791.0228924563764,45507182
2024-07-11,787.1161499023438,789.0330808548738,776.973264088155,788.1109895551602,44177074
2024-07-12,787.50439453125,795.1237185250396,781.899157363576,787.1647047300575,56049960
2024-07-15,787.2131958007812,790.9500796896383,783.8645795922547,787.8926346206944,33375694
2024-07-16,786.0726928710938,789.5911537590798,784.6410669649267,786.5579978211608,28950324
2024-07-18,783.6705322265625,788.1110255525017,776.0754971813087,780.3704345530638,33717064
2024-07-19,780.0307006835938,787.649965003423,778.1865181041212,784.2528302190582,26002152
2024-07-22,797.1376953125,801.2384985771903,782.6270649860646,784.7381297391379,53744822
2024-07-23,785.4176025390625,799.6855810002239,778.9145038672318,799.5642547535156,52002152
2024-07-24,778.4534912109375,786.6793870769927,770.6886113878456,780.4432298173384,61728206
2024-07-25,784.5440063476562,788.6205799631161,773.0908208499962,773.0908208499962,25535732
2024-07-26,785.2962646484375,787.0433507268658,774.7651110455088,778.9144923179402,43810540
2024-07-29,778.938720703125,791.9448576014164,775.662912345258,783.7674811785615,51001148
2024-07-30,784.0344848632812,793.3523167913979,776.0026637402938,777.4585786816452,54595834
2024-07-31,784.1314697265625,790.0279366929944,780.9526986206498,783.2821860675673,37820484
2024-08-01,795.3178100585938,800.7774909815698,785.1991540216145,787.6014491725216,26215174
2024-08-02,805.1937255859375,810.7019249608421,791.5323792943032,791.5323792943032,44119238
2024-08-05,784.1314697265625,798.8119444034794,776.9732217436031,795.9486333620303,41333634
2024-08-06,777.0702514648438,792.4786834136157,773.2363898060842,791.0470575275043,45116050
2024-08-07,787.8926391601562,791.0471215466921,777.5556193354371,784.7381567736204,42346264
2024-08-08,797.21044921875,802.3547292854007,785.8300713873926,788.1352699911228,33976950
2024-08-09,800.8502197265625,806.8437833638833,798.7149252998082,801.7237923493824,26644618
2024-08-12,805.65478515625,813.3468572381819,799.4671466635041,801.7238266679481,39316196
2024-08-13,778.0409545898438,792.2118961762867,777.0461148817201,790.0765423217451,54055042
2024-08-14,780.2733764648438,783.1366284755188,778.0409261468292,779.6424562895212,32334428
2024-08-16,792.0662231445312,793.061122021343,781.8263002104013,790.3191371152319,27849246
2024-08-19,791.7993774414062,794.759726022084,787.9896858897818,794.759726022084,19502164
2024-08-20,794.783935546875,798.8119905444514,789.8095595425733,789.8095595425733,31134494
2024-08-21,789.0088500976562,793.2552686183906,785.1264103072706,790.1250159925943,47630904
2024-08-22,791.6781005859375,795.0752357163401,790.0765703279278,792.0177904024437,21300638
2024-08-23,788.6448974609375,792.9883534236101,787.6499985352013,792.9883534236101,20333422
2024-08-26,795.8758544921875,799.7582942162704,792.1147410094821,792.1147410094821,22364266
2024-08-27,794.8082275390625,799.4914324239653,792.1147612152419,797.550212512406,35773244
2024-08-28,794.4927368164062,795.7788068064845,791.1441207498361,794.8081968881353,26921188
2024-08-29,795.1964721679688,798.035494358065,791.6052035874162,796.8707505966252,49052604
2024-08-30,794.395751953125,806.5768953841255,786.7521983416328,803.6650654368904,445342100
2024-09-02,789.56689453125,799.200245545704,787.747000900005,799.200245545704,34049680
2024-09-03,794.6140747070312,795.8758557711201,788.4264363868309,792.9883149182248,37282860
2024-09-04,796.7737426757812,798.2296576209254,792.0177301584446,795.4148650304477,24682744
2024-09-05,798.5451049804688,800.704747819695,796.8708263925602,798.8120464324933,22876318
2024-09-06,794.419921875,799.6612390821284,793.0368146024134,795.0751309568867,26029602
2024-09-09,799.0546875,800.0252975060735,791.0956736019307,794.9295949741877,23792914
2024-09-10,800.9230346679688,802.6944096330184,794.9295302169795,802.6944096330184,26606646
2024-09-11,797.7928466796875,801.9664575454252,795.5118777911906,800.9473289635273,22226684
2024-09-12,808.8092651367188,810.4593139115112,799.32158835399,802.6944342572692,32424046
2024-09-13,808.4937744140625,812.400503038587,804.1746076631325,812.400503038587,23860532
2024-09-16,810.9203491210938,814.2447356947455,807.5717920840796,809.0034181076534,15172820
2024-09-17,809.876953125,814.3417351276187,807.6202731787942,814.3417351276187,20127122
2024-09-18,822.494873046875,824.4846115422112,810.9931099061356,811.3570886275262,40917342
2024-09-19,829.1435546875,834.2392569551141,824.6059649927001,824.6301946967953,30651776
2024-09-20,845.0130004882812,846.8328941482245,828.6825354394553,833.0259912779876,60623386
2024-09-23,854.0396728515625,857.2183847223622,844.551937403139,848.7983557064159,26965350
2024-09-24,858.0435180664062,864.6436541344489,851.3462854547951,856.5633141386422,33039036
2024-09-25,863.4060668945312,867.7252930088929,854.2095613390953,854.2095613390953,31965312
2024-09-26,865.5171508789062,867.7253122548344,858.0435015109396,860.4700264333525,31899644
2024-09-27,850.5697021484375,862.9692076341789,849.2836322285123,862.3868654114664,35613502
2024-09-30,840.572509765625,849.987378933711,836.8599148404105,848.7013681367213,26383534
2024-10-01,837.7334594726562,845.4013020975134,834.773110848595,836.6658121791694,24572284
2024-10-03,816.282958984375,837.7091852435565,812.0850591484665,832.613483062025,48473398
2024-10-04,804.4657592773438,820.4808225688465,802.2090794198211,812.6431358067093,48683232
2024-10-07,785.1264038085938,805.1209448670484,782.7969162571121,801.8208473760044,94458296
2024-10-08,801.2628173828125,804.0533210403008,787.164683903665,791.0471237749532,29734406
2024-10-09,792.5758056640625,804.0289908485573,790.4161630516477,800.5105298956967,41125642
2024-10-10,806.7709350585938,808.2510795642027,792.2603056670246,795.4147877416559,21754766
2024-10-11,801.238525390625,807.7658537028776,797.4774117796152,807.7658537028776,23672594
2024-10-14,819.2433471679688,821.1603374358971,802.6944587482099,803.689357680797,18527508
2024-10-15,817.3021240234375,824.0478752509669,813.1285129464045,822.1066552857113,19651130
2024-10-16,824.92138671875,828.8765747113987,815.3608435545054,815.3608435545054,20470682
2024-10-17,811.988037109375,823.8780090897097,808.1298269832027,822.5676501021808,14695732
2024-10-18,816.2101440429688,820.6506963237373,802.7429312558701,807.1106759435778,24809724
2024-10-21,838.9466552734375,848.3858722296796,830.3810701774502,832.2980010606213,46548354
2024-10-22,832.07958984375,844.4305765922039,830.211118473748,839.6018162444277,38875280
2024-10-23,842.3923950195312,847.5851345291038,827.4692671141377,827.4692671141377,38036090
2024-10-24,849.1138916015625,858.3346864549975,843.5085952441257,843.5085952441257,30832258
2024-10-25,846.0807495117188,853.0933830706845,838.9467304613248,851.7102756678665,26130478
2024-10-28,841.6158447265625,849.7689918168825,839.043763962605,845.4012471416386,22012142
2024-10-29,850.1815185546875,856.0779859182065,837.1996103215174,837.7092042477628,35794926
2024-10-30,841.8099975585938,851.5889046504595,836.7628139716957,845.4012662208864,32715724
2024-10-31,842.3438110351562,843.8968224808245,834.4333755848933,838.6069864702176,22895912
2024-11-01,843.120361328125,846.4203996311912,837.6849100339031,841.0335262277963,1759692
2024-11-04,831.8612060546875,846.8571409139798,830.3082539054162,846.8571409139798,28089248
2024-11-05,853.0933227539062,855.447039991069,823.999313734677,826.4743572133567,44232406
2024-11-06,851.83154296875,859.7177486791857,847.0270119492034,859.7177486791857,27787910
2024-11-07,847.609375,854.5977188117542,843.4599940256105,846.5174388742477,18895456
2024-11-08,851.4432983398438,855.0103373353861,847.2696873607207,850.2543248355499,19902986
2024-11-11,857.1942138671875,865.2017460745226,849.8660612419557,851.4918803256005,24565362
2024-11-12,833.8509521484375,861.4162973605047,829.2163253609564,859.9603824917264,31395406
2024-11-13,815.967529296875,839.2864576545572,811.9152444974701,833.1473377113161,35728500
2024-11-14,821.5,827.3721783747438,811.4784403744485,811.9637453515568,27146470
2024-11-18,827.4934692382812,834.190701332557,822.5919010273279,825.0184258091194,27081968
2024-11-19,845.5225219726562,851.1035287183504,826.3286881202827,831.812657575625,50981272
2024-11-21,845.0130004882812,853.6514527573436,841.6158656563873,848.9925368361551,35716512
2024-11-22,847.1483764648438,851.370565411524,839.3592669406547,846.1535367827626,24773612
2024-11-25,866.5604858398438,875.2717450257129,856.5146973151911,866.2936036686173,427737274
2024-11-26,866.5362548828125,878.4019369086114,858.8927021168951,878.4019369086114,30935566
2024-11-27,879.5182495117188,881.9690041453489,866.3422072982357,868.6474059809165,32714976
2024-11-28,870.224609375,891.0684339141281,867.725276958314,882.7697308653094,35722392
2024-11-29,871.632080078125,875.7814023363161,865.2503073983569,874.1799313606635,27669536
2024-12-02,875.8298950195312,877.5042327860683,861.4163604593637,875.2475527258944,15110876
2024-12-03,886.3125,891.6993733770357,881.3623537076274,884.5653546960274,43410242
2024-12-04,902.7157592773438,905.0937654692016,888.6662041479593,891.9905313310416,44669084
2024-12-05,905.457763671875,912.349070670313,890.6316728815866,902.6672600453907,39682714
2024-12-06,900.6531982421875,904.7054828102569,894.9023463139778,901.2113107944992,17783156
2024-12-09,907.520263671875,912.3733132102273,897.3288596413352,899.5855395249345,26947912
2024-12-10,906.5982055664062,911.2571214453396,901.9635786325839,911.2571214453396,13325480
2024-12-11,904.1716918945312,908.4423993938311,901.0900171351183,903.492253077643,14045426
2024-12-12,902.3032836914062,906.8651623497835,897.183292457994,898.299517608064,17293790
2024-12-13,908.36962890625,909.9468701478396,887.7441665162323,903.8805576801874,19009002
2024-12-16,905.1907958984375,907.4959944793276,900.3620351992098,905.1422772502634,13107082
2024-12-17,889.6853637695312,903.8077269850552,886.4095551207139,900.8958970749953,21079532
2024-12-18,878.74169921875,891.0199388482123,877.0189020931173,888.0353013877913,23422312
2024-12-19,870.3944091796875,874.0827148724125,863.3574875554302,873.3547574630064,25380770
2024-12-20,859.7177734375,872.3599918831414,857.5581899695972,864.9105130352275,25692348
2024-12-23,874.0343017578125,876.4608267488114,864.4738169898098,864.8135067920166,11044592
2024-12-24,872.6268310546875,877.7710517489787,868.4775092184595,874.5438211790217,14485834
2024-12-26,869.0598754882812,879.3726061062491,864.2068257857081,872.8452779528201,10481678
2024-12-27,872.6996459960938,876.4364704987394,868.2590937552997,871.0253675774094,7259330
2024-12-30,862.82373046875,880.8285332674382,859.4751142791366,869.7635560951499,22222218
2024-12-31,860.3729248046875,864.7164399349241,856.8544636879918,859.1354326463724,14117236
2025-01-01,865.1774291992188,870.637110073425,854.6705648241472,860.6640693133434,7313806
2025-01-02,870.5157470703125,875.2231813509705,860.4456694386978,862.4354078694503,18558576
2025-01-03,848.8954467773438,871.2437647886038,847.4881097293069,869.181218624921,24426194
2025-01-06,830.1141357421875,852.7778537230372,827.8332261221516,844.4791507386858,18816348
2025-01-07,831.5215454101562,835.209851324859,825.0184469798143,832.2980215119891,13527906
2025-01-08,822.252197265625,830.6722262669281,816.9380725391129,829.0221775951162,19738190
2025-01-09,809.3916625976562,819.6801043914131,804.6841687860751,817.3263871062876,40420222
2025-01-10,804.0289916992188,812.8372885629307,802.6944030605147,810.9445873725031,17453280
2025-01-13,791.4596557617188,799.1760171914914,788.2809435229427,795.9002084068898,21669066
2025-01-14,799.1031494140625,803.7620652641559,794.4442335639691,795.8516298211142,26661432
2025-01-15,797.3803100585938,806.9165047926833,794.1045016943054,803.9076378434971,14022892
2025-01-16,801.7481079101562,805.873200199019,797.2832665938832,802.1363163454865,21212454
2025-01-17,794.3229370117188,800.9958805790999,790.31917087129,797.5987456720695,23112076
2025-01-20,801.3598022460938,806.0672365854673,789.1058522041777,789.1058522041777,17557618
2025-01-21,797.0648803710938,806.115829748555,792.5272908307279,804.756952160241,31158144
2025-01-22,808.5423583984375,811.3813805875693,788.8389294808721,797.0648841596673,30619306
2025-01-23,807.9842529296875,818.7094808723397,801.359828269384,818.7094808723397,34909158
2025-01-24,800.6561889648438,810.6049411699597,798.0840488445496,805.6062761215885,24236200
2025-01-27,790.9500122070312,797.6471848113616,789.1058297447998,796.4339224655055,22804166
2025-01-28,810.6534423828125,817.3991933860295,799.2972941154203,799.2972941154203,30179312
2025-01-29,814.0020141601562,815.8704263644069,809.9011517987993,812.8857890816031,12619890
2025-01-30,820.8933715820312,823.9993352943973,811.696865930955,815.7976693049923,25744846
2025-01-31,824.4118041992188,827.2993450265934,817.2292670650723,818.830797136207,15821686
2025-02-01,820.6264038085938,831.3274019434516,813.3954072501344,823.8051750140157,5587528
2025-02-03,814.341796875,818.6125046075882,807.2805853688532,810.4593568422229,20276540
2025-02-04,835.161376953125,837.5393832746403,815.3366797744094,819.5345205841194,28616502
2025-02-05,843.363037109375,846.4689416589049,834.1907609306318,841.0335494558958,23675506
2025-02-06,846.299072265625,848.7984047453597,836.6657803207547,842.2467875560731,26760716
2025-02-07,840.9122314453125,857.5339275509261,837.1511177279839,849.2837426225924,23509600
2025-02-10,832.6619873046875,836.3988118099606,829.1435263354559,833.4142336911924,17195950
2025-02-11,825.6979370117188,830.3568531530897,819.5345279806279,826.4744131617251,22724704
2025-02-12,828.3185424804688,830.8421046157138,815.8946879155817,821.6213102303759,22809570
2025-02-13,823.9022216796875,831.9340426083429,821.8882534526111,824.5331418355402,12602434
2025-02-14,822.5191040039062,825.9405276867242,815.3123371576534,825.9405276867242,19959892
2025-02-17,833.4384765625,834.7245465784594,815.918979031997,817.8359099627821,12938946
2025-02-18,836.2047119140625,840.329803960056,828.003046468469,831.3516624481879,16350910
2025-02-19,838.2186889648438,843.4114874933574,831.0604409265417,833.2686021535318,11884112
2025-02-20,818.758056640625,832.152462841255,817.884543182236,830.3568580312333,26390510
2025-02-21,821.378662109375,822.5676355898997,813.9777613134116,815.7491363030065,15680940
2025-02-24,813.9049072265625,817.3505604700815,806.1400281464854,815.8461269965818,20693646
2025-02-25,816.4527587890625,819.1947435645432,810.9930781817751,810.9930781817751,24138708
2025-02-27,825.3580932617188,830.235431637752,816.5498559350805,816.5498559350805,35786800
2025-02-28,840.7423095703125,843.0960267361039,817.7388430279666,817.7388430279666,54516728
2025-03-03,825.7706909179688,845.9108470636534,822.1551333662954,844.3336059197142,21205364
2025-03-04,829.8714599609375,831.9582949310542,821.7426020928991,824.0478005927906,19920958
2025-03-05,820.1654052734375,830.2597724194886,819.316121569752,825.9647760106438,21583872
2025-03-06,820.7477416992188,824.9699304836942,811.5512362127743,818.7094845214233,32966088
2025-03-07,819.8014526367188,825.576593853863,814.1476376668198,816.2829914666041,13372914
2025-03-10,818.9521484375,824.969941998729,816.7925649870414,819.6801059027778,15604050
2025-03-11,817.9815063476562,822.1065984888339,810.4835684463997,816.4770728267864,19898430
2025-03-12,830.4296875,833.9966675086949,820.9177210630354,820.9177210630354,18784106
2025-03-13,828.2214965820312,835.112863088808,825.0427843943695,832.8076643515269,15736264
2025-03-17,830.0656127929688,836.6657483797172,827.4449541690359,827.4449541690359,18950652
2025-03-18,830.0656127929688,830.0656127929688,830.0656127929688,830.0656127929688,0
2025-03-19,846.42041015625,849.7690263917825,840.6452690024086,842.004146653194,15221406
2025-03-20,858.3831787109375,860.9310298420936,848.9440205977578,851.2249302948321,17833978
2025-03-21,859.1596069335938,860.9795004972574,851.9771292137973,851.9771292137973,33508264
2025-03-24,873.5489501953125,875.6843039218336,860.7611760226637,863.3575457763671,17393736
2025-03-25,883.9586791992188,894.7567143577081,874.2768691244298,875.9269178059026,39101416
2025-03-26,876.7277221679688,886.8948376499686,874.5195608455505,885.681575218163,24478442
2025-03-27,885.8513793945312,893.4464137168152,872.626819495681,873.5489107497378,41658100
2025-03-28,887.2345581054688,891.0199607200933,876.3880034384333,887.6228257936006,28773648
2025-04-01,857.9464111328125,878.3535095734435,856.7331486628899,874.5195883202217,28511006
2025-04-02,872.0444946289062,873.16066049231,859.3294691298255,859.3294691298255,11573564
2025-04-03,871.0496215820312,875.490173946712,862.3869396359797,864.3766781830471,11250038
2025-04-04,881.9447021484375,893.9074216754443,878.9357759381479,879.8578671839032,33540454
2025-04-07,853.0205688476562,863.7700863708694,843.5571214137302,855.4956717234414,37995450
2025-04-08,858.5773315429688,864.8134887917699,849.4293443655757,856.5633039940931,35563872
2025-04-09,856.5632934570312,861.4163432783175,850.982286162552,856.5632934570312,22454608
2025-04-11,876.82470703125,882.9638264173292,861.2949488328275,861.2949488328275,32775766
2025-04-15,905.0452270507812,910.8203678930464,900.240696123474,905.0937456982635,49298344
2025-04-16,911.4027709960938,914.2175636339349,902.9099336731801,914.2175636339349,19136820
2025-04-17,925.3309326171875,931.6398970227459,910.7717839889756,913.3439239431574,35703084
2025-04-21,935.231201171875,946.6843866809207,926.9324979858176,933.7267676045618,34247298
2025-04-22,952.0227661132812,956.3419923313835,939.0651467003056,939.0651467003056,45961750
2025-04-23,933.6782836914062,960.3700581866361,932.0282348743439,960.3700581866361,30570642
2025-04-24,930.2325439453125,933.6781972127433,924.5544405338061,926.9324466168475,25931754
2025-04-25,927.5148315429688,938.094503546439,918.099962552793,934.1150265036636,18500878
2025-04-28,931.882568359375,936.4929655182809,926.156005327847,927.5148236825167,13920492
2025-04-29,926.3501586914062,936.0562581779409,922.1764885191324,931.2032084346736,18918308
2025-04-30,934.2120361328125,939.9871769317172,927.0780770079656,928.3883766867898,31936870
2025-05-02,932.7076416015625,942.4137410838799,931.7855503024763,936.5415627453439,17840404
2025-05-05,939.9386596679688,947.3152712805899,937.754787372496,941.0063068714467,15068024
2025-05-06,937.463623046875,941.5401968005327,933.872413523286,936.6386282625547,17490156
2025-05-07,944.2094116210938,945.7138452974749,932.9503591331654,938.5798853771296,21420778
2025-05-08,935.91064453125,948.6741890736062,931.348765916796,948.6741890736062,34803430
2025-05-09,917.080810546875,931.3002703673066,915.6734734771652,926.9810441332826,17188796
2025-05-12,949.8388671875,951.149226156264,928.0487213449755,930.6208021509265,18618972
2025-05-13,933.04736328125,952.0227765695508,931.7855821536832,946.3447318748346,24242102
2025-05-14,927.2236938476562,936.7356597192896,923.5353878045329,932.8047011833116,15445308
2025-05-15,938.4827270507812,943.8210814498384,920.6234813646776,928.6310129632633,32241458
2025-05-16,938.9194946289062,943.3358172154161,935.8621088859327,938.4827675522878,15868010
2025-05-19,940.8607177734375,943.9181627683963,937.1238932163359,940.0357230243618,10202964
2025-05-20,929.3104858398438,938.8709699179398,928.3883945615378,935.7164876572758,23879090
2025-05-21,935.0856323242188,944.8402502940019,932.3193584728106,935.1826696209016,15132040
2025-05-22,931.7369995117188,933.8237752836327,924.6029810935157,929.4560306672615,21306670
2025-05-23,938.3856811523438,940.0357299039,929.1163680438908,931.8340640363383,9566072
2025-05-26,941.588623046875,946.2961165204464,935.1341028748952,939.0650610496285,10802860
2025-05-27,934.8429565429688,945.3740503477449,929.989907003196,937.415037254252,26162148
2025-05-28,933.484130859375,938.8224856498367,930.6693382733266,931.8826007257043,18157594
2025-05-29,935.4253540039062,941.8799339693113,925.6222170514742,935.6680064952172,28917794
2025-05-30,943.86962890625,945.7623300992254,934.406182182701,937.560664423884,28748078
